State,District,Latitude,Longitude,District code,Population,Households_with_Internet,Total_Power_Parity,Housholds_with_Electric_Lighting,Households_with_Car_Jeep_Van,Households_with_Scooter_Motorcycle_Moped,Higher_Education,Graduate_Education,sex_ratio,literacy_rate
Andhra Pradesh,Adilabad,19.284513950073435,78.81321233480176,532,2741239,5512,4181,566108,8338,96998,143143,100226,100.0,54.0
Andhra Pradesh,Anantapur,14.312065561843148,77.4601584478577,553,4081148,8606,5799,897970,9915,144214,162175,144915,98.0,57.0
Andhra Pradesh,Chittoor,13.33109263067696,78.92763898886037,554,4174064,13763,5926,944555,16296,186568,265199,246409,100.0,64.0
Andhra Pradesh,East Godavari,16.782718320784902,82.2432074720511,545,5154296,22411,7211,1297273,25381,232073,271809,263023,101.0,64.0
Andhra Pradesh,Guntur,15.884925767634847,80.58657614107885,548,4887813,19383,6981,1186028,17424,190079,246580,221924,100.0,61.0
Andhra Pradesh,Hyderabad,17.38971555555556,78.46668888888888,536,3943323,149034,11071,869721,124106,439890,517425,558090,95.0,73.0
Andhra Pradesh,Karimnagar,18.515483193277312,79.43765428571413,534,3776269,8831,5251,926768,14175,192965,293493,256633,101.0,58.0
Andhra Pradesh,Khammam,17.683921325051784,80.67008643892335,541,2797370,8628,3836,668519,11887,115078,154774,160804,101.0,58.0
Andhra Pradesh,Krishna,16.143872753151673,81.14805061000413,547,4517398,30438,6983,1163932,27969,212111,312753,328454,99.0,67.0
Andhra Pradesh,Kurnool,15.43759715142429,77.90086836581717,552,4053463,10081,5301,816721,10622,118153,152453,115504,99.0,52.0
Andhra Pradesh,Mahbubnagar,16.639546224256293,77.98933089244859,538,4053028,6153,4695,757821,12615,121553,169083,98227,98.0,48.0
Andhra Pradesh,Medak,17.889304978038055,78.13778901903379,535,3033288,8635,3874,604719,14362,119276,201928,127493,99.0,54.0
Andhra Pradesh,Nalgonda,17.113250515463907,79.16984453608244,539,3488809,7715,4468,789225,18927,143010,238695,196134,98.0,57.0
Andhra Pradesh,Nizamabad,18.429485849056604,78.07523490566035,533,2551335,5261,3458,545913,10088,102049,223365,141850,104.0,54.0
Andhra Pradesh,Prakasam,15.489039001601704,80.11665790176184,549,3397448,6151,4304,763746,9071,105940,142026,133627,98.0,56.0
Andhra Pradesh,Srikakulam,18.570900998697432,84.25874814010675,542,2703114,3988,3301,615432,5264,64087,146721,121213,101.0,55.0
Andhra Pradesh,Vizianagaram,18.28329696032972,83.45982854198873,543,2344474,4453,3103,527736,5002,61858,115144,103591,102.0,53.0
Andhra Pradesh,Warangal,18.01752608695651,79.87422028985509,540,3512576,12952,4762,828077,15727,139404,279234,248942,100.0,59.0
Andhra Pradesh,West Godavari,16.63297943925236,81.45912990654196,546,3936966,12050,5485,1017568,14687,182698,215863,207586,100.0,67.0
Arunachal Pradesh,Changlang,27.36048479338845,96.37552644628106,253,148226,170,348,14593,1102,2450,5641,3633,93.0,49.0
Arunachal Pradesh,East Kameng,27.371194055944056,93.04741486013997,247,78690,57,348,5318,577,1382,4510,2330,103.0,49.0
Arunachal Pradesh,East Siang,28.15382352941176,95.06499226006191,251,99214,450,644,14231,2072,4568,9498,6540,98.0,63.0
Arunachal Pradesh,Kurung Kumey,28.04853351800553,93.24531994459834,256,92076,95,348,3911,605,884,4353,2031,103.0,40.0
Arunachal Pradesh,Lohit,27.946785273972623,96.59670770547945,259,145726,312,348,17157,1203,3884,7612,5180,91.0,57.0
Arunachal Pradesh,Lower Dibang Valley,28.32651730103806,95.76567335640142,258,54080,207,348,5932,703,2128,3570,2795,93.0,59.0
Arunachal Pradesh,Lower Subansiri,27.70849297297297,93.96226108108112,255,83030,381,348,12493,2002,2973,7674,5230,98.0,65.0
Arunachal Pradesh,Papum Pare,27.273529716981127,93.54468183962264,248,176573,2477,644,30539,6454,8668,17342,13840,98.0,69.0
Arunachal Pradesh,Tawang,27.680683962264148,91.82504245283016,245,49977,96,348,8635,895,205,1989,1379,71.0,52.0
Arunachal Pradesh,Tirap,26.94406229508198,95.41470327868862,254,111975,98,348,16026,679,1369,4305,2134,94.0,43.0
Arunachal Pradesh,Upper Siang,28.8309244897959,95.00155765306124,252,35320,97,348,6198,430,1031,2211,1349,89.0,52.0
Arunachal Pradesh,Upper Subansiri,28.277196566523585,93.8991435622318,249,83448,139,348,5373,569,1435,8017,4276,100.0,54.0
Arunachal Pradesh,West Kameng,27.46486582278483,92.65015750452083,246,83947,202,348,14188,1299,1045,3987,2693,82.0,58.0
Arunachal Pradesh,West Siang,28.106296920289843,94.53510344202908,250,112274,303,348,14204,1964,4023,8418,6030,93.0,58.0
Assam,Barpeta,26.427872264631056,90.97912010178116,303,1693622,2078,348,84804,5560,24913,87377,46947,95.0,53.0
Assam,Bongaigaon,26.45012521994133,90.6734296187684,319,738804,2523,348,49866,5837,16579,35491,20221,97.0,59.0
Assam,Cachar,24.815570668693017,92.86849650455927,316,1736617,5316,348,140205,8700,22647,79766,45341,96.0,68.0
Assam,Darrang,26.58463215962442,92.04141338028155,325,928500,1166,348,45444,3533,13662,47398,22267,95.0,52.0
Assam,Dhemaji,27.586533438485816,94.71336908517353,308,686133,1192,348,28195,3504,12293,55399,28006,95.0,62.0
Assam,Dibrugarh,27.30612284482757,95.0998282327587,310,1326335,8817,348,136685,21112,44664,89500,59380,96.0,67.0
Assam,Goalpara,26.017277777777807,90.59869891598912,302,1008183,1364,348,78641,4112,15292,39885,18294,96.0,56.0
Assam,Golaghat,26.377219709794485,93.82583397823468,313,1066888,3073,348,82345,9295,27300,66197,36887,96.0,68.0
Assam,Hailakandi,24.457496089385486,92.59154664804475,318,659296,1211,348,44143,2583,5589,28504,11608,95.0,62.0
Assam,Jorhat,26.76244824016563,94.30197722567289,312,1092256,5651,348,122063,16081,44159,97025,62608,96.0,73.0
Assam,Kamrup,26.170939452054807,91.58863273972592,321,1517542,3109,348,122191,10052,34461,118849,55011,95.0,66.0
Assam,Karbi Anglong,26.08966454598031,93.11536570271832,314,956313,1923,348,53918,3934,13699,40602,18225,95.0,58.0
Assam,Karimganj,24.69660712250711,92.3679498575498,317,1228686,1933,348,70951,3757,7289,39637,21408,96.0,65.0
Assam,Kokrajhar,26.497246635730868,90.13997470997688,300,887142,1218,348,41373,2996,12191,39571,17287,96.0,55.0
Assam,Lakhimpur,27.14128805970149,94.0775949253732,307,1042137,1948,348,60296,6904,25699,82885,44212,97.0,66.0
Assam,Nagaon,26.26462170626351,92.9306191144708,305,2823768,5121,348,195631,13979,47693,115864,66994,96.0,61.0
Assam,Nalbari,26.46323767605632,91.40598521126763,323,771639,1631,348,68313,4785,18810,71734,39368,95.0,69.0
Assam,Sonitpur,26.73514926829268,92.85197804878044,306,1924110,4358,348,133368,11760,39796,90385,49901,96.0,58.0
Assam,Tinsukia,27.53549291139241,95.69055949367085,309,1327929,5135,348,161718,13323,31363,61040,38152,95.0,60.0
Bihar,Araria,26.211528119180603,87.30766554934816,209,2811569,2561,2035,43290,5041,31983,68177,39627,92.0,43.0
Bihar,Aurangabad,24.774291867469877,84.45986024096379,235,2540073,2362,2215,44456,7145,32335,136783,91371,93.0,58.0
Bihar,Aurangabad,24.774291867469877,84.45986024096379,515,3701282,23258,8119,589477,33322,230188,310762,253253,92.0,68.0
Maharashtra,Aurangabad,20.0979228832952,75.32072196796334,235,2540073,2362,2215,44456,7145,32335,136783,91371,93.0,58.0
Maharashtra,Aurangabad,20.0979228832952,75.32072196796334,515,3701282,23258,8119,589477,33322,230188,310762,253253,92.0,68.0
Bihar,Banka,24.832355642023337,86.8664916342413,225,2034763,1704,1738,62359,3258,24398,63103,35767,91.0,47.0
Bihar,Begusarai,25.54302613168723,86.12560144032932,222,2970541,4644,2354,120373,9821,41377,144783,101836,89.0,52.0
Bihar,Bhagalpur,25.277192885375477,87.04213814229242,224,3037766,6764,2814,174534,8644,47618,154643,118843,88.0,52.0
Bihar,Bhojpur,25.50666439393939,84.49407803030304,231,2728407,3661,2600,62153,7391,43689,163303,131137,91.0,59.0
Bihar,Buxar,25.48593018867924,84.08808081760995,232,1706352,1784,1556,46760,5341,26325,89306,64117,92.0,58.0
Bihar,Darbhanga,26.146187719298258,85.97387352472099,215,3937385,6280,3514,127442,10325,52586,152540,129597,91.0,46.0
Bihar,Gaya,24.7266541547278,84.94291217765044,236,4391418,6856,3998,112617,11827,59202,191824,131163,94.0,52.0
Bihar,Gopalganj,26.44874364161851,84.34636127167629,217,2562012,3707,2370,69375,9508,51902,123249,79109,102.0,54.0
Bihar,Jamui,24.78418380462726,86.26316298200514,238,1760405,1839,1516,32633,4842,18411,56137,29633,92.0,49.0
Bihar,Jehanabad,25.155679045643165,84.9208124481328,239,1125313,1106,960,27641,2522,13682,68748,45519,92.0,55.0
Bihar,Katihar,25.56565356037151,87.70466083591326,212,3071029,2941,2516,60900,5118,35004,88498,57114,92.0,42.0
Bihar,Khagaria,25.53558891454964,86.56593256351037,223,1666886,1580,1254,40641,3120,14047,65931,38697,89.0,46.0
Bihar,Kishanganj,26.324336758321294,87.95045007235886,210,1690400,1093,1347,58718,2436,19539,25989,15386,95.0,44.0
Bihar,Lakhisarai,25.183449321266963,86.12825701357468,227,1000912,1186,904,44491,2415,9577,48001,27261,90.0,51.0
Bihar,Madhepura,25.77341929460581,86.8978443983403,213,2001762,1397,1494,23236,4560,21254,79891,44955,91.0,42.0
Bihar,Madhubani,26.41380538172716,86.16328360450552,207,4487379,5319,3520,113281,11636,59254,170563,137780,93.0,48.0
Bihar,Munger,25.198537962962963,86.54173672839504,226,1367765,2653,1424,90461,3755,24259,101907,64469,88.0,59.0
Bihar,Muzaffarpur,26.18664417177915,85.32745092024543,216,4801062,10290,4105,180651,23333,94249,194920,138916,90.0,52.0
Bihar,Nalanda,25.229345508982053,85.48053113772461,229,2877653,4156,2578,101378,7955,29239,177358,133032,92.0,53.0
Bihar,Nawada,24.825708836206903,85.61594568965519,237,2219146,1841,1924,31162,3991,15948,95943,64585,94.0,49.0
Bihar,Pashchim Champaran,27.16064352201258,84.30265911949685,203,3935042,3495,3181,57546,10911,48435,98732,70669,91.0,45.0
Bihar,Patna,25.40297114503818,85.3198433587787,230,5838465,40692,7065,546859,49821,176114,463361,452340,90.0,59.0
Bihar,Purba Champaran,26.68129336734693,85.00382155612242,204,5099371,7719,4098,74979,19282,78531,121594,68781,90.0,45.0
Bihar,Purnia,25.81714801901739,87.40447606973065,211,3264619,4170,2641,86058,8390,40178,83226,59996,92.0,41.0
Bihar,Rohtas,24.99170460829495,83.9350762672811,234,2959918,4594,1555,114893,10819,49892,194928,161555,92.0,61.0
Bihar,Saharsa,25.821270696721303,86.54670819672135,214,1900661,1668,1582,41342,3824,20489,64560,47051,91.0,42.0
Bihar,Samastipur,25.793205563909765,85.94833323308269,221,4261566,5379,3500,88021,10621,56464,186153,129933,91.0,50.0
Bihar,Saran,25.89656077844312,84.82266287425155,219,3951862,4509,3667,94787,10948,68604,213251,148065,95.0,55.0
Bihar,Sheikhpura,25.12472436548223,85.77839390862943,228,636342,631,565,20065,1728,6933,33856,19676,93.0,52.0
Bihar,Sheohar,26.458380748663107,85.29539411764709,205,656246,478,489,10004,1410,7678,16031,10091,89.0,43.0
Bihar,Sitamarhi,26.56570069686413,85.61172491289203,206,3423574,3460,2679,66263,7292,38576,92783,70549,90.0,42.0
Bihar,Siwan,26.1736372013652,84.33766552901022,218,3330464,3834,3014,52935,10891,64065,186817,119164,99.0,58.0
Bihar,Supaul,26.28157893772896,86.78496465201461,208,2229076,1845,1836,51028,4064,21885,69665,45726,93.0,46.0
Bihar,Vaishali,25.8134703180212,85.39247597173153,220,3495021,4810,2930,70001,11316,60246,178320,124448,89.0,55.0
Chandigarh,Chandigarh,30.7426,76.75872465753424,55,1055450,44283,34145,231204,60494,109701,98786,174528,82.0,76.0
Chhattisgarh,Bastar,19.393866751269048,81.52895126903546,414,1413199,1782,1529,157646,4227,32802,57413,32895,102.0,46.0
Chhattisgarh,Bilaspur,22.356942982456143,81.99770350877188,30,381956,1574,3666,79146,6573,11397,45695,25474,98.0,75.0
Chhattisgarh,Bilaspur,22.356942982456143,81.99770350877188,406,2663629,8566,2981,519704,13137,84851,152838,134637,97.0,60.0
Himachal Pradesh,Bilaspur,31.3780422907489,76.65316079295157,30,381956,1574,3666,79146,6573,11397,45695,25474,98.0,75.0
Himachal Pradesh,Bilaspur,31.3780422907489,76.65316079295157,406,2663629,8566,2981,519704,13137,84851,152838,134637,97.0,60.0
Chhattisgarh,Dhamtari,20.554912627291245,81.7569195519348,412,799781,1016,782,148926,3069,30621,58875,31319,101.0,68.0
Chhattisgarh,Durg,21.194463849287164,81.33181639511197,409,3343872,16141,4209,614109,28840,177048,286244,202424,99.0,69.0
Chhattisgarh,Jashpur,22.77286167664669,83.8703962075848,402,851669,567,856,76783,2442,15547,50562,26161,101.0,58.0
Chhattisgarh,Korba,22.491712499999995,82.57604326923074,404,1206640,4544,1565,202380,8677,55579,83166,61215,97.0,62.0
Chhattisgarh,Koriya,23.50412776859501,82.12515636363635,400,658917,1667,852,80023,3402,26365,38677,26802,97.0,60.0
Chhattisgarh,Mahasamund,21.223727037773354,82.65925427435384,411,1032754,961,964,212487,3546,31472,57949,33357,102.0,62.0
Chhattisgarh,Raigarh,22.008265068493166,83.27797698630134,403,1493984,3342,1575,297308,5979,50302,93340,66358,99.0,64.0
Chhattisgarh,Raigarh,22.008265068493166,83.27797698630134,520,2634200,38570,6097,547206,43536,158119,221410,204507,96.0,74.0
Maharashtra,Raigarh,18.453257637845976,73.0090609418579,403,1493984,3342,1575,297308,5979,50302,93340,66358,99.0,64.0
Maharashtra,Raigarh,18.453257637845976,73.0090609418579,520,2634200,38570,6097,547206,43536,158119,221410,204507,96.0,74.0
Chhattisgarh,Raipur,20.88603153846152,82.20032759615388,410,4063872,20261,4561,728556,30572,177517,267265,227382,98.0,65.0
Chhattisgarh,Surguja,23.32719278728607,83.23582493887531,401,2359886,2737,2462,253131,8096,56480,105992,64607,98.0,50.0
Daman and Diu,Daman,20.431616666666677,72.8392366071429,495,191173,1316,34145,49249,3163,14167,14170,9128,53.0,79.0
Daman and Diu,Junagadh,20.72568199498111,70.83985639899612,479,2743082,6628,5549,498326,17447,195597,137505,139957,95.0,67.0
Gujarat,Junagadh,20.929523011609785,70.54733890140345,479,2743082,6628,5549,498326,17447,195597,137505,139957,95.0,67.0
Goa,North Goa,15.548723418714054,73.80667997909038,585,818008,23440,2078,173951,44342,101378,87513,86781,96.0,81.0
Goa,South Goa,15.195278658183785,73.941792596877,586,640537,17624,1646,138810,35031,82436,64786,57460,99.0,78.0
Gujarat,Ahmadabad,22.605425564971743,72.23898135593227,474,7214225,126341,18633,1456046,174812,692591,549188,839295,90.0,75.0
Gujarat,Amreli,21.04832649310872,71.43457637825426,480,1514190,2538,2825,273331,10236,113906,66785,50999,96.0,66.0
Gujarat,Anand,22.282718206229863,72.57782051557454,482,2092745,9902,4372,378310,19352,104613,127459,110351,92.0,74.0
Gujarat,Banas Kantha,24.258538965517253,71.93205252873561,469,3120506,3424,4242,396873,22723,68665,105372,66950,94.0,55.0
Gujarat,Bharuch,21.75787276237761,72.67326346710801,488,1551019,10257,3242,309091,21579,104126,83895,74380,93.0,72.0
Gujarat,Bhavnagar,21.70219390341736,72.16272632761141,481,2880365,7297,5434,500757,17517,200864,96241,93391,93.0,66.0
Gujarat,Gandhinagar,23.193679790026252,72.67221679790026,473,1391753,12107,6016,262539,26385,106981,95730,108400,92.0,74.0
Gujarat,Jamnagar,22.410600414263328,69.62062005768233,477,2160119,11573,5028,386538,20471,185194,74029,87523,94.0,65.0
Gujarat,Kachchh,23.48057203301311,68.82192301497916,468,2092371,9631,4146,403294,28788,140540,61366,60386,91.0,60.0
Gujarat,Kheda,22.88765312500002,73.018803515625,483,2299885,5710,4252,372226,12788,84414,148530,84223,94.0,72.0
Gujarat,Mahesana,23.529355452865065,72.45545194085031,471,2035064,7759,3648,385609,25163,119579,139208,130723,93.0,74.0
Gujarat,Narmada,21.70666386292833,73.68403208722742,487,590297,576,979,101940,2442,18771,28396,14748,96.0,63.0
Gujarat,Navsari,20.866973318871995,72.86184869848157,490,1329672,6726,3256,267679,18669,115177,112460,85041,96.0,75.0
Gujarat,Panch Mahals,22.80435606837605,73.61984598290586,484,2390776,3456,3981,398937,9656,72703,139773,71810,95.0,60.0
Gujarat,Patan,23.80634198473284,71.75162977099237,470,1343734,2231,2199,223424,7802,41235,57494,46355,94.0,62.0
Gujarat,Porbandar,21.55092351651571,69.71896987722886,478,585449,1653,1463,117040,4395,45156,25119,22458,95.0,67.0
Gujarat,Rajkot,22.40603377715488,70.83679439383323,476,3804558,21785,8498,747352,55289,428744,204306,266295,93.0,72.0
Gujarat,Sabar Kantha,23.71803594548552,73.13638790459964,472,2428589,5262,3934,438606,22379,122399,198963,110817,95.0,65.0
Gujarat,Surat,21.25761372772093,72.93488716344339,492,6081322,55694,16368,1252452,106983,530528,433651,379505,79.0,75.0
Gujarat,Surendranagar,22.82672007299272,71.48358740875906,475,1756268,2975,3227,302068,10088,99436,61164,58389,93.0,62.0
Gujarat,The Dangs,20.801633877551023,73.6883518367347,489,228291,137,325,29794,991,5662,7560,3490,101.0,62.0
Gujarat,Vadodara,22.26133739279589,73.49433010291594,486,4165626,53606,9753,798277,72630,351423,268451,314960,93.0,69.0
Gujarat,Valsad,20.44238231644259,72.9148584798345,491,1705678,11020,3316,329218,23938,128491,123281,90912,92.0,69.0
Haryana,Ambala,30.3503672316384,76.94970310734456,70,1128350,12899,2781,199681,26122,92424,97980,91472,88.0,72.0
Haryana,Bhiwani,28.728868064516128,76.02110225806452,81,1634445,5292,3349,266244,16793,66069,148995,104875,89.0,65.0
Haryana,Faridabad,28.14873109756098,77.32718536585368,88,1809733,43437,5080,333171,63470,152884,178846,259933,87.0,70.0
Haryana,Fatehabad,29.57298318584072,75.54608716814157,78,942011,3210,1854,153301,14030,52633,61476,37741,90.0,59.0
Haryana,Gurgaon,28.043894789579163,77.01935130260523,86,1514432,67087,3107,305751,92934,131478,150120,233402,85.0,73.0
Haryana,Hisar,29.23628731117825,75.84324682779452,80,1743931,10132,3642,285004,24642,90721,144626,105346,87.0,64.0
Haryana,Jhajjar,28.59651868131869,76.61137142857145,83,958405,5034,2169,168558,14298,52868,97457,58826,86.0,71.0
Haryana,Jind,29.45149821958457,76.29598575667653,77,1334152,5263,2674,222462,15836,61694,107994,64599,87.0,62.0
Haryana,Kaithal,29.96068539094649,76.37698930041155,73,1074304,3724,2046,187349,12792,59238,82297,51043,88.0,60.0
Haryana,Karnal,29.703200647249204,76.87488025889972,74,1505324,11163,3368,267223,26238,108101,124790,101387,89.0,65.0
Haryana,Kurukshetra,30.05652659846548,76.78774680306903,72,964655,7356,2137,171908,20261,73765,81964,71007,89.0,67.0
Haryana,Mahendragarh,28.1352161458333,76.14018072916659,84,922088,2624,1894,135455,8538,45775,94245,60296,89.0,68.0
Haryana,Panchkula,30.700897142857134,76.97173238095236,69,561293,18615,1445,103455,29497,49972,48306,83256,87.0,72.0
Haryana,Panipat,29.34352134146342,76.92895914634147,75,1205437,10024,2559,209965,17466,74923,91756,75774,86.0,65.0
Haryana,Rewari,28.19164714828897,76.55956007604564,85,900332,5121,1979,152651,12161,58897,95807,65143,90.0,71.0
Haryana,Rohtak,28.892517647058817,76.53123235294117,82,1061204,8482,2299,193120,16545,63575,109596,100346,87.0,70.0
Haryana,Sirsa,29.63583446327684,74.90970480225988,79,1295189,6287,2681,215527,24468,75692,83373,61620,90.0,60.0
Himachal Pradesh,Chamba,32.66741814595661,76.39354063116366,23,519080,1615,950,96082,5074,8880,40440,15506,99.0,62.0
Himachal Pradesh,Hamirpur,31.67668481012659,76.49767088607594,28,454768,2521,878,104120,6665,16955,64363,35620,110.0,79.0
Himachal Pradesh,Hamirpur,31.67668481012659,76.49767088607594,168,1104285,1196,1291,55929,3791,24522,59914,59612,86.0,59.0
Uttar Pradesh,Hamirpur,25.738158381502892,79.82619479768789,28,454768,2521,878,104120,6665,16955,64363,35620,110.0,79.0
Uttar Pradesh,Hamirpur,25.738158381502892,79.82619479768789,168,1104285,1196,1291,55929,3791,24522,59914,59612,86.0,59.0
Himachal Pradesh,Kangra,32.14093603238864,76.41205910931173,24,1510075,8053,2878,330081,22727,69192,192936,91236,101.0,76.0
Himachal Pradesh,Kinnaur,31.60667184065933,78.51613736263741,34,84121,354,181,17865,2775,857,7871,5118,82.0,72.0
Himachal Pradesh,Kullu,31.90911922077925,77.40922649350647,26,437903,2623,854,91322,8479,6979,39081,23168,94.0,70.0
Himachal Pradesh,Mandi,31.635805940594054,76.96556930693067,27,999777,5333,1842,214491,15958,26366,128549,54139,101.0,72.0
Himachal Pradesh,Shimla,31.155725451807253,77.62573042168668,33,814010,9177,1668,172754,23107,8186,95341,80414,92.0,75.0
Himachal Pradesh,Sirmaur,30.682764453961443,77.43184689507493,32,529855,2220,930,91509,7459,17523,38282,23352,92.0,68.0
Himachal Pradesh,Solan,31.03864311926604,76.94442140672783,31,580320,5250,1253,119866,15117,25275,59363,36803,88.0,74.0
Himachal Pradesh,Una,31.58330388349513,76.18353932038836,29,521173,2412,987,105929,8059,36913,60626,32120,98.0,77.0
Jammu and Kashmir,Doda,33.359614675767915,76.07163720136518,16,409936,596,1103,61831,1804,1550,31416,12647,92.0,53.0
Jammu and Kashmir,Jammu,32.713199095022645,74.8477520361991,21,1529958,19905,3525,294739,44063,113156,159257,146501,88.0,74.0
Jammu and Kashmir,Kargil,33.565994894894914,76.63675315315312,4,140802,235,214,15824,1847,652,9826,3077,81.0,61.0
Jammu and Kashmir,Kathua,32.51781678321678,75.58901398601404,7,616435,1443,936,109422,4687,23014,47694,24330,89.0,63.0
Jammu and Kashmir,Pulwama,33.88414418604652,75.00921860465118,12,560440,1537,1068,73629,6164,4551,40931,31286,91.0,52.0
Jammu and Kashmir,Punch,33.791241290322574,74.29593161290322,5,476835,346,629,62900,1731,2407,29517,13962,89.0,55.0
Jammu and Kashmir,Srinagar,34.27312898550724,75.11021159420288,10,1236829,16413,3099,165403,34586,39804,132727,121856,90.0,61.0
Jammu and Kashmir,Udhampur,33.04770670731707,75.15286951219511,19,554985,1214,1278,73999,3800,8953,29657,17345,87.0,58.0
Jharkhand,Bokaro,23.6814965034965,85.98398374125864,355,2062330,9754,3604,274726,21098,108998,154076,116396,92.0,62.0
Jharkhand,Chatra,24.11619945750453,84.93295804701627,347,1042886,590,817,27037,2110,15107,35342,21697,95.0,49.0
Jharkhand,Deoghar,24.33070100755672,86.75697632241814,350,1492073,1944,1267,130193,3714,32553,54419,43979,93.0,53.0
Jharkhand,Dhanbad,23.854509090909097,86.40372924901185,354,2684487,11568,3954,427173,18631,131398,186697,107382,91.0,64.0
Jharkhand,Dumka,24.275006125574265,87.27662450229711,362,1321442,1193,1323,62110,2912,23058,38383,25593,98.0,51.0
Jharkhand,Garhwa,24.082114689265527,83.68664265536722,346,1322784,565,1017,29373,2671,16578,46882,28144,94.0,49.0
Jharkhand,Giridih,24.30578509874329,86.08710915619386,349,2445474,1944,2384,125431,6290,57582,77540,55122,94.0,51.0
Jharkhand,Godda,24.8189,87.2941735483871,351,1313551,874,1057,43230,1754,19859,47395,30870,94.0,46.0
Jharkhand,Gumla,23.078532948929148,84.55056787479396,366,1025213,831,849,31687,2181,16146,45613,23742,99.0,55.0
Jharkhand,Jamtara,23.97873318077801,86.95325080091534,363,791042,808,540,49419,1632,16906,22995,14802,95.0,54.0
Jharkhand,Latehar,23.72511185840708,84.48298743362837,359,726978,340,547,38194,1268,8012,23885,13956,97.0,48.0
Jharkhand,Lohardaga,23.488796043165483,84.6605169064748,356,461790,351,388,28769,1102,10065,21987,13847,99.0,56.0
Jharkhand,Pakur,24.57260428082189,87.69691969178076,353,900422,328,691,31414,923,9725,15700,9822,99.0,39.0
Jharkhand,Palamu,24.196925968109337,84.20310842824594,358,1939869,2155,1515,68238,8015,29434,100290,63595,93.0,53.0
Jharkhand,Ranchi,23.184235061391547,85.31781937244203,364,2914253,22538,3805,350908,34053,141089,247237,195181,95.0,66.0
Jharkhand,Sahibganj,24.93667989690721,87.68264097938142,352,1150567,591,954,34879,1285,10359,28087,19832,95.0,42.0
Jharkhand,Simdega,22.608760391198054,84.59193691931536,367,599578,423,496,16865,1158,9742,24842,13674,100.0,57.0
Karnataka,Bagalkot,16.15860676328503,75.64526070853468,556,1889752,3745,2890,301389,9726,69279,115095,82319,99.0,59.0
Karnataka,Bangalore Rural,12.936827087794448,77.47369314775169,583,990923,3729,1422,214253,10389,69005,82235,51015,95.0,70.0
Karnataka,Belgaum,16.16107219152853,74.72329042357275,555,4779661,17560,7045,808827,35104,228887,279583,201884,97.0,64.0
Karnataka,Bellary,15.074377548209377,76.47228471074374,565,2452595,9626,3886,440374,14163,111250,121453,89475,98.0,58.0
Karnataka,Bidar,17.950361730769224,77.19459961538459,558,1703300,3971,2448,271439,9724,44813,105347,54900,96.0,61.0
Karnataka,Bijapur,16.84015316666667,75.95909166666665,417,255230,117,1387,12516,305,2625,6755,3421,98.0,34.0
Karnataka,Bijapur,16.84015316666667,75.95909166666665,557,2177331,4987,2938,326594,11722,67663,129109,96990,96.0,57.0
Karnataka,Chikmagalur,13.425288289676422,75.67626502311249,570,1137961,4510,1996,238505,15446,59192,96470,72420,101.0,72.0
Karnataka,Chitradurga,14.29102220394736,76.57821957236843,566,1659456,5711,2374,307257,7425,55959,132435,75262,97.0,66.0
Karnataka,Davanagere,14.330414586709884,75.91723841166937,567,1945497,7320,3062,372671,15449,90291,154781,123863,97.0,67.0
Karnataka,Dharwad,15.343831376975173,75.13831264108359,562,1847023,15013,3519,347962,21127,91208,143453,137768,97.0,70.0
Karnataka,Gadag,15.507128256880746,75.64861302752298,561,1064570,3373,1699,198064,5205,30957,63816,42053,98.0,66.0
Karnataka,Gulbarga,17.070459515951594,76.87503850385033,579,2566326,9752,5378,404767,12872,73797,153746,104256,97.0,56.0
Karnataka,Hassan,12.945098749999998,76.11049549999997,574,1776421,4851,2743,400702,14979,97603,147837,103152,101.0,69.0
Karnataka,Haveri,14.737582809224318,75.3961230607966,564,1597668,2456,2240,295937,5681,47577,84357,55310,95.0,68.0
Karnataka,Kodagu,12.39684468085106,75.79336595744688,576,554519,3308,942,113931,16963,22161,54939,43225,102.0,74.0
Karnataka,Kolar,13.312799881235172,78.01376947743476,581,1536401,5051,3389,309494,9208,85198,107929,71422,98.0,66.0
Karnataka,Koppal,15.651253271028034,76.1617048598131,560,1389920,2135,1889,223166,6211,45100,72243,43967,99.0,58.0
Karnataka,Mandya,12.574901806239744,76.81570098522172,573,1805769,3367,2628,391033,8188,96273,157839,102838,100.0,64.0
Karnataka,Mysore,12.248100259403367,76.52881802853437,577,3001127,28397,4995,640868,40420,211066,222230,212541,99.0,65.0
Karnataka,Raichur,16.050795353982295,76.87368606194688,559,1928812,5200,2672,314547,11104,70603,82082,50463,100.0,51.0
Karnataka,Shimoga,14.063845885634592,75.17882078103197,568,1752753,8791,3119,363835,20781,111532,132138,111753,100.0,72.0
Karnataka,Tumkur,13.592467760074973,77.02297966260545,571,2678980,7971,4067,562769,14929,137806,213588,143735,98.0,68.0
Karnataka,Udupi,13.450404228534568,74.72009990316337,569,1177361,9070,2100,224814,21349,65169,109663,107279,109.0,79.0
Kerala,Alappuzha,9.542602965599087,76.38010796263319,598,2127789,28842,3368,507913,42404,144891,274789,198858,110.0,87.0
Kerala,Ernakulam,10.004879301987431,76.26957729035381,595,3282388,88737,6274,771287,135307,322394,389793,429880,103.0,87.0
Kerala,Idukki,9.80480963855423,77.04586641566264,596,1108974,8250,1374,244844,21976,35855,136428,86136,101.0,83.0
Kerala,Kannur,11.941523076923056,75.35209891725934,589,2523003,32653,4432,511167,44108,76530,308670,217203,114.0,85.0
Kerala,Kasaragod,12.33310309912974,75.07768497134369,588,1307375,10378,1988,237670,19438,34267,122657,76192,108.0,79.0
Kerala,Kollam,8.929388820570157,76.6360775852431,600,2635375,31542,3910,630767,58867,144080,307950,233402,111.0,85.0
Kerala,Kottayam,9.643701174068417,76.46059673302705,597,1974551,37849,3071,464039,73096,122177,280720,221350,104.0,89.0
Kerala,Kozhikode,11.392924270557026,75.71158720159153,591,3086293,36791,4594,641660,54277,149330,351267,250117,110.0,85.0
Kerala,Malappuram,10.97329875666072,75.93910775606876,592,4112920,27909,4838,730119,59145,138096,392867,203779,110.0,81.0
Kerala,Palakkad,10.784926903553291,76.49980490693744,593,2809934,27162,3929,587583,43458,145549,232109,180540,107.0,80.0
Kerala,Thiruvananthapuram,8.537101759082221,76.88711502868073,601,3301427,71621,5770,783872,96456,220675,389161,381782,109.0,84.0
Kerala,Thrissur,10.458932647907687,76.12321940836945,594,3121200,56148,5612,721625,84016,220583,362657,338600,111.0,86.0
Kerala,Wayanad,11.715277464788736,76.07587007042254,590,817420,4712,1095,149864,13027,22721,87042,51111,103.0,79.0
Madhya Pradesh,Anuppur,23.18184220430107,81.86560000000007,461,749237,1290,787,81338,2895,29063,42743,31646,98.0,58.0
Madhya Pradesh,Ashoknagar,24.63098846153845,77.82974493927134,459,845071,619,861,84720,2373,23638,29551,22791,90.0,56.0
Madhya Pradesh,Balaghat,21.80020720640569,80.42170053380796,457,1701698,1712,1709,277927,4045,46168,126308,74213,102.0,67.0
Madhya Pradesh,Barwani,21.702135714285724,74.91004719710673,441,1385881,1158,1336,181139,3102,31152,42649,30754,98.0,40.0
Madhya Pradesh,Betul,21.964626315789477,77.7873428189117,447,1575362,2109,1845,230974,5740,59230,105696,82761,97.0,60.0
Madhya Pradesh,Bhind,26.35951126187245,78.7618324287653,420,1703005,1166,1786,107819,4463,46137,96011,50222,84.0,64.0
Madhya Pradesh,Bhopal,23.480726143790854,77.39246623093679,444,2371061,40788,4298,452912,60383,213130,178165,266618,92.0,70.0
Madhya Pradesh,Burhanpur,21.364567254408065,76.24460478589425,467,757847,986,989,112420,2142,22453,42618,28237,95.0,54.0
Madhya Pradesh,Chhatarpur,24.813637376460004,79.56449299191374,425,1762375,1880,1947,176056,6206,48339,77787,59704,88.0,54.0
Madhya Pradesh,Chhindwara,22.227966971713823,78.76413136439254,455,2090922,3588,2513,344875,8235,75332,167946,112383,96.0,62.0
Madhya Pradesh,Damoh,23.76624407960196,79.47049303482588,428,1264219,1432,1359,187731,3031,28333,64414,41158,91.0,59.0
Madhya Pradesh,Datia,25.90226439560441,78.63916571428574,422,786754,616,951,97696,2897,25575,48978,34853,87.0,62.0
Madhya Pradesh,Dewas,22.7851110021322,76.46088805970157,437,1563715,3518,1899,270457,9017,77281,94403,55383,94.0,59.0
Madhya Pradesh,Dhar,22.572681718963157,75.1105620736698,438,2185793,2388,2470,349639,8080,85477,99882,66721,96.0,49.0
Madhya Pradesh,Dindori,22.83738437047757,81.04332966714911,453,704524,554,652,62372,1291,7979,31104,15179,100.0,54.0
Madhya Pradesh,Guna,24.49043927178156,77.2235895968791,458,1241519,2482,1302,144248,5968,43568,50724,42147,91.0,53.0
Madhya Pradesh,Gwalior,26.04074441964285,78.12782433035713,421,2032036,15779,2830,306859,21313,126189,166719,193947,86.0,67.0
Madhya Pradesh,Harda,22.227659781121783,77.07022571819435,448,570465,986,619,95066,3556,30952,31939,27126,93.0,62.0
Madhya Pradesh,Hoshangabad,22.595268801996703,78.02168094841929,449,1241350,2871,1535,198076,7335,67460,89589,84769,91.0,65.0
Madhya Pradesh,Indore,22.680265752128648,75.9133801324502,439,3276697,48691,5783,593576,64865,286973,300076,382658,93.0,70.0
Madhya Pradesh,Jabalpur,23.18525572327043,79.98328754716981,451,2463289,20443,3776,452023,26487,154678,222987,235072,93.0,71.0
Madhya Pradesh,Jhabua,22.419578015397768,74.40921616766468,464,1025048,744,1612,125411,2215,20076,28990,20240,99.0,34.0
Madhya Pradesh,Katni,23.724416229116937,80.33819665871127,450,1292042,2179,1476,172416,3958,35359,80935,53578,95.0,61.0
Madhya Pradesh,Mandla,22.70348712446353,80.38600543633753,454,1054905,912,1043,143803,2246,19880,58066,35476,101.0,57.0
Madhya Pradesh,Mandsaur,24.19278764044944,75.43588667736759,433,1340411,2324,1475,239885,5435,62695,77219,52546,96.0,62.0
Madhya Pradesh,Morena,26.37313504531724,77.88447341389724,419,1965970,1781,1924,131486,5829,48525,115790,71005,84.0,60.0
Madhya Pradesh,Neemuch,24.70311893333336,75.06608186666664,432,826067,1945,1026,145258,4498,47549,53465,42343,95.0,62.0
Madhya Pradesh,Panna,24.451325840092657,80.21133001158752,426,1016520,653,1034,76097,2219,18488,47903,29795,91.0,54.0
Madhya Pradesh,Raisen,23.292518206521724,78.16305495923909,446,1331597,1141,1460,194373,6017,48130,69419,48384,90.0,62.0
Madhya Pradesh,Rajgarh,23.785499026425583,76.66431223922116,442,1545814,1611,1629,231130,4185,46026,72316,51499,96.0,52.0
Madhya Pradesh,Ratlam,23.503562290502792,75.14895782122909,434,1455069,3644,1700,213825,5757,67819,86507,67192,97.0,57.0
Madhya Pradesh,Rewa,24.861184625158856,81.57572465057183,430,2365106,3406,2756,251132,11833,67856,180635,122371,93.0,61.0
Madhya Pradesh,Sagar,23.800318709677374,78.71940357771273,427,2378458,4546,2771,366494,11291,71201,137899,116753,89.0,65.0
Madhya Pradesh,Satna,24.62777621776502,80.75547048710598,429,2228935,3754,2641,294702,9401,64484,148091,105499,93.0,62.0
Madhya Pradesh,Sehore,22.9297199679658,77.06780202883085,445,1311332,1566,1442,212138,6041,60435,77541,50655,92.0,60.0
Madhya Pradesh,Seoni,22.33230487804874,79.66053863928111,456,1379131,1182,1369,228695,4048,37873,84398,55984,98.0,63.0
Madhya Pradesh,Shahdol,23.44859864559819,81.4596831828442,460,1066063,1733,1302,113184,3819,29839,60915,46513,97.0,57.0
Madhya Pradesh,Shajapur,23.566620317220547,76.33555181268885,436,1512681,1382,1647,232735,4200,49847,75967,48671,94.0,59.0
Madhya Pradesh,Sheopur,25.78014810996563,77.16911116838484,418,687861,273,693,74770,1634,17878,24732,17091,90.0,48.0
Madhya Pradesh,Shivpuri,25.37802451874367,77.74861600810549,423,1726050,1852,1827,148128,5417,48952,58509,44812,88.0,52.0
Madhya Pradesh,Sidhi,24.17547189952905,82.1053783359498,462,1127033,837,3019,102228,3320,18017,60845,33067,96.0,53.0
Madhya Pradesh,Tikamgarh,25.14099852104666,78.89357064846428,424,1445166,1090,1591,132725,4139,35388,58245,35034,90.0,52.0
Madhya Pradesh,Ujjain,23.319288862745065,75.80383717647058,435,1986864,7501,2599,323379,12167,107407,119586,111290,96.0,62.0
Madhya Pradesh,Umaria,23.59601063063061,80.90879477477475,431,644758,839,692,67975,1873,14918,27216,18144,95.0,55.0
Madhya Pradesh,Vidisha,23.82838307984792,77.9013507604563,443,1458875,1926,1583,181510,5682,55126,65581,59814,90.0,59.0
Maharashtra,Akola,20.746310479041902,77.12122320359276,501,1813906,6163,3948,314490,9037,72460,205723,112574,95.0,78.0
Maharashtra,Amravati,21.16520991810736,77.67583503184723,503,2888445,9438,6236,512492,15285,124261,346876,203273,95.0,78.0
Maharashtra,Bhandara,21.211792649727748,80.10950199637024,506,1200334,2932,2237,227025,5184,54974,153749,67061,98.0,75.0
Maharashtra,Bid,18.952353340080982,75.69319706477731,523,2585049,5614,4179,402052,12836,91909,206530,129996,92.0,66.0
Maharashtra,Buldana,20.56680611183355,76.39017880364096,500,2586258,4767,4421,423036,10034,84546,228266,113783,93.0,73.0
Maharashtra,Chandrapur,20.095609090909075,79.31556380471388,509,2204307,8239,5085,418666,12746,113039,241179,126488,96.0,72.0
Maharashtra,Dhule,21.274018690400517,74.58719071837263,498,2050862,6065,3583,315332,10912,74859,182739,114931,95.0,63.0
Maharashtra,Gondiya,21.225008411214997,80.17522698598128,507,1322507,2866,2183,239981,5074,49085,159570,57923,100.0,76.0
Maharashtra,Hingoli,19.59525302245251,77.09239412780653,512,1177345,1221,1853,159114,3833,29815,74544,38698,94.0,67.0
Maharashtra,Jalgaon,20.8828943415638,75.55140421810695,499,4229917,14297,7988,720791,19560,170551,375643,229987,92.0,68.0
Maharashtra,Jalna,19.984612534818933,75.98473607242339,514,1959046,3791,3363,288895,8400,75655,120715,64060,94.0,61.0
Maharashtra,Kolhapur,16.44881301587301,74.12897150793648,530,3876001,22269,8464,770005,49081,283565,395234,335413,96.0,73.0
Maharashtra,Latur,18.348687268993856,76.75812607802874,524,2454196,6217,4574,381722,13150,81052,224998,153256,93.0,67.0
Maharashtra,Nagpur,21.196556862745105,79.02166176470584,505,4653570,57964,14073,917626,71592,426007,542228,493236,95.0,79.0
Maharashtra,Nanded,19.209316983017,77.6829048951049,511,3361292,7548,6214,488748,12341,83106,255650,156225,94.0,65.0
Maharashtra,Nandurbar,21.523175625248147,74.32638757443429,497,1648295,2579,2446,186202,6135,39350,113019,58461,98.0,55.0
Maharashtra,Nashik,20.266912871287143,74.03824168316828,516,6107187,45039,13629,904710,79590,396040,485052,373100,93.0,71.0
Maharashtra,Osmanabad,18.19459456066944,75.99495575313809,525,1657576,3209,2786,240042,7974,51577,139479,96847,92.0,69.0
Maharashtra,Parbhani,19.31032425249168,76.70163338870431,513,1836086,3982,3410,272486,6973,50197,116041,81333,95.0,63.0
Maharashtra,Pune,18.51696171428573,74.12922881632647,521,9429408,235018,27223,1925019,273326,1013058,867256,1086650,91.0,76.0
Maharashtra,Ratnagiri,17.210195070127703,73.25725893866404,528,1615069,7752,3484,367352,15191,61559,111600,65700,112.0,74.0
Maharashtra,Sangli,17.154930181086502,74.70713822937628,531,2822143,13212,5798,485126,29515,190760,244804,214003,97.0,73.0
Maharashtra,Satara,17.6737908974359,74.18052064102558,527,3003741,14093,5649,562653,36046,195582,299993,243457,99.0,74.0
Maharashtra,Sindhudurg,16.170948049777163,73.51329008172343,529,849651,3517,1749,194228,9264,37159,89023,48418,104.0,78.0
Maharashtra,Solapur,17.837357937584812,75.42394823609216,526,4317756,15145,8995,595560,28219,229240,328020,236302,94.0,67.0
Maharashtra,Thane,19.698767747440264,72.79882742564581,517,11060148,256170,35118,2231800,172210,499186,1080597,961719,89.0,74.0
Maharashtra,Wardha,20.80743024390242,78.57259105691062,504,1300774,4313,2754,266155,6970,70849,158055,93772,95.0,78.0
Maharashtra,Washim,20.282282394366213,77.25502394366208,502,1197160,1875,1942,196022,3623,37729,116032,47865,93.0,73.0
Maharashtra,Yavatmal,20.04258346738159,78.05326371760479,510,2772348,6094,4937,446516,12132,99346,245819,123074,95.0,73.0
Manipur,Bishnupur,24.50712111801243,93.8246236024845,275,237399,676,226,34364,2009,5782,20077,20074,100.0,66.0
Manipur,Chandel,24.2635812987013,94.09443844155844,280,144182,184,250,18764,908,3263,12213,8105,93.0,63.0
Manipur,Churachandpur,24.30309718875504,93.38671506024085,274,274143,837,327,29894,1807,6387,23284,14523,97.0,71.0
Manipur,Senapati,25.08465586034914,94.03366234413956,272,479148,256,823,22798,827,1603,40438,24940,94.0,55.0
Manipur,Tamenglong,24.98312942238265,93.49450740072204,273,140651,125,90,11541,495,723,11645,7102,94.0,60.0
Manipur,Thoubal,24.545392553191498,93.97959893617023,276,422168,880,539,49507,3141,11574,37899,28550,100.0,64.0
Manipur,Ukhrul,25.05900314960629,94.44129566929138,279,183998,276,79,14026,1107,944,22729,15636,94.0,71.0
Meghalaya,East Garo Hills,25.82728228228228,90.64684924924916,294,317917,288,450,24550,1167,4732,9473,2484,97.0,60.0
Meghalaya,East Khasi Hills,25.303763888888884,91.75922519841272,298,825922,5032,1456,135941,15048,7975,58836,61639,101.0,70.0
Meghalaya,Jaintia Hills,25.33959557069844,92.37608160136298,299,395124,510,528,41677,4790,978,13544,8039,101.0,47.0
Meghalaya,South Garo Hills,25.240568578553614,90.64560349127176,295,142334,179,139,10940,695,1700,3998,826,95.0,58.0
Meghalaya,West Garo Hills,25.495285185185185,90.03709947089942,293,643291,1630,791,51301,3589,10923,29404,10856,98.0,56.0
Meghalaya,West Khasi Hills,25.500889926739926,91.25364542124538,296,383461,149,479,32873,1683,922,12295,6450,98.0,60.0
Mizoram,Aizawl,23.90781335453101,92.85359459459472,283,400309,4019,963,79804,9581,16909,37701,31310,101.0,85.0
Mizoram,Champhai,23.54166580976866,93.24221799485862,284,125745,186,187,23948,1237,3135,4956,4087,98.0,80.0
Mizoram,Kolasib,24.2020004347826,92.73470391304348,282,83955,367,142,14853,867,2488,3473,2530,96.0,78.0
Mizoram,Lawngtlai,22.36102843137253,92.66964156862753,287,117894,162,242,9283,631,658,3763,2515,95.0,53.0
Mizoram,Lunglei,23.007717036172675,92.63512555425892,286,161428,482,274,26394,1982,3706,8503,5509,95.0,75.0
Mizoram,Mamit,23.73852942502819,92.4330803833147,281,86364,90,94,12158,565,1619,3180,1771,93.0,70.0
Mizoram,Saiha,22.35744801061008,93.02827931034489,288,56574,168,88,7400,507,337,3628,2204,98.0,75.0
Mizoram,Serchhip,23.263864705882344,92.914158496732,285,64937,131,118,12315,702,1723,2915,2128,98.0,84.0
Nagaland,Dimapur,25.814176811594223,93.75074057971014,265,378811,3303,866,71413,10008,10821,26712,27532,92.0,73.0
Nagaland,Kohima,25.60311428571428,93.78600657596373,270,267988,1928,677,50724,8428,2011,19855,23439,93.0,74.0
Nagaland,Mokokchung,26.478911764705888,94.522426006192,262,194622,537,346,40154,3805,5184,13077,10299,93.0,82.0
Nagaland,Mon,26.69207374301676,95.03072988826828,261,250260,178,381,14398,1007,1571,3565,1772,90.0,48.0
Nagaland,Phek,25.63272986577182,94.56814563758392,266,163418,170,219,36182,1780,838,7268,5926,95.0,65.0
Nagaland,Tuensang,26.21104453280316,94.85809880715708,267,196596,155,228,24998,1063,738,6008,2760,93.0,60.0
Nagaland,Wokha,26.202611551155112,94.1990815181518,264,166343,198,359,25268,1592,1713,10223,8030,97.0,77.0
Nagaland,Zunheboto,26.028178205128206,94.50026666666668,263,140757,261,275,28846,2258,1033,8821,5560,98.0,73.0
Orissa,Baleshwar,21.48570932311624,87.08085828011933,377,2320529,7370,2664,296834,8591,75401,112392,105962,96.0,70.0
Orissa,Bhadrak,20.95262735257214,86.81496204516931,378,1506337,2637,1711,164636,3670,34791,71815,67536,98.0,73.0
Orissa,Cuttack,20.407640646029623,85.7776810228802,381,2624470,15046,3852,349587,15494,132934,159456,181601,94.0,77.0
Orissa,Dhenkanal,20.79887159353349,85.53226836027711,383,1192811,1810,1334,117172,3533,36224,53162,43064,95.0,70.0
Orissa,Gajapati,19.121080882352945,84.14015091911759,389,577817,635,617,63112,656,8521,17084,12556,104.0,45.0
Orissa,Ganjam,19.2632617564534,84.80297710437702,388,3529031,9049,4377,405298,9066,100866,121151,97147,98.0,63.0
Orissa,Jharsuguda,21.827058566978184,83.93581682242987,371,579505,2498,870,81433,3966,32916,32909,22010,95.0,70.0
Orissa,Kalahandi,19.784253092783523,83.1124043814433,395,1576869,1953,1562,91171,3547,34156,40383,27385,100.0,51.0
Orissa,Kandhamal,20.092878624813142,84.02216352765326,390,733110,768,739,28736,1278,11947,21351,14962,104.0,55.0
Orissa,Kendrapara,20.606319815982264,86.83763247572003,379,1440361,1628,1540,173107,2686,37980,76449,75926,101.0,76.0
Orissa,Khordha,20.054162322274863,85.52234834123229,386,2251673,35701,4186,349860,33514,165342,177974,247498,93.0,78.0
Orissa,Koraput,18.82627794779476,82.81278469846964,398,1379647,3988,1519,85766,6922,37192,32257,29000,103.0,41.0
Orissa,Malkangiri,18.25227930367506,81.98293636363628,399,613192,448,564,24604,820,10535,8487,5585,102.0,40.0
Orissa,Mayurbhanj,21.897621545157754,86.4030408052231,376,2519738,2950,2747,140189,6279,62502,92060,72847,101.0,54.0
Orissa,Nayagarh,20.192895622119817,85.05614700460825,385,962789,1163,984,124984,2270,24290,36951,33148,92.0,71.0
Orissa,Nuapada,20.471309512195116,82.59152536585364,394,610382,757,205,43976,1346,12482,19577,10131,102.0,49.0
Orissa,Puri,19.83509174603177,85.86698989898981,387,1698730,3416,2027,201605,4693,57033,84374,87000,96.0,76.0
Orissa,Rayagada,19.292840020060204,83.45860120361095,396,967911,1553,1074,61543,2090,19440,21439,17681,105.0,42.0
Orissa,Sambalpur,21.515752380952385,84.34958483245157,372,1041099,5231,1548,126498,5946,47662,50705,45828,98.0,68.0
Orissa,Sundargarh,22.06354819277107,84.50524819277099,374,2093437,12787,3130,223537,14641,102703,120373,94710,97.0,64.0
Puducherry,Karaikal,10.876161726078813,79.82369793621002,637,200222,1868,4890,47880,2550,19793,15930,18998,105.0,77.0
Puducherry,Mahe,12.006420793787758,75.28275021570326,636,41816,574,10027,7150,858,1747,5711,4475,118.0,87.0
Puducherry,Yanam,16.707695652173904,82.26187304347832,634,55626,207,10027,12859,226,2571,4101,3836,104.0,71.0
Punjab,Amritsar,31.548679820627772,74.79883856502238,49,2490656,29961,6979,461231,56185,225063,203656,142399,89.0,68.0
Punjab,Bathinda,30.190524611973352,75.05685898004438,46,1388525,11284,3365,255650,36173,106010,96329,70240,87.0,61.0
Punjab,Faridkot,30.591187250996025,74.79751553784862,45,617508,4348,1540,113549,15528,51638,48360,29838,89.0,62.0
Punjab,Fatehgarh Sahib,30.64290947368421,76.36208394736842,40,600163,5138,1640,113683,18239,63700,59555,34990,87.0,71.0
Punjab,Firozpur,30.63407535211269,74.40245732394365,43,2029074,10042,4283,349662,37105,148610,147698,82448,89.0,60.0
Punjab,Gurdaspur,32.04283371212125,75.3204064393939,35,2298323,14428,5982,411216,32484,194705,243539,104345,90.0,71.0
Punjab,Hoshiarpur,31.55157169811319,75.8469857442349,38,1586625,13747,4305,319930,33720,166862,176013,93618,96.0,76.0
Punjab,Jalandhar,31.250336907216507,75.54400350515463,37,2193590,39082,6883,446200,72374,238203,216646,162965,92.0,74.0
Punjab,Kapurthala,31.336592638036837,75.47641165644177,36,815168,9732,2472,161206,23561,90508,77442,48221,91.0,71.0
Punjab,Ludhiana,30.76596397379912,75.83110851528383,41,3498739,58589,10593,703624,120172,360662,318876,272280,87.0,73.0
Punjab,Mansa,29.919547714285724,75.4304922857143,47,769751,2673,1694,140099,12805,48117,48663,27461,88.0,55.0
Punjab,Moga,30.756540067340065,75.1600845117845,42,995746,7897,2774,183396,26253,85167,85642,37417,89.0,63.0
Punjab,Muktsar,30.31243303303303,74.5518747747748,44,901896,4571,2025,166585,23185,62205,62612,36905,90.0,58.0
Punjab,Patiala,30.214540380693364,76.27505893949697,48,1895686,24274,5679,352929,57008,193945,157435,141947,89.0,67.0
Punjab,Rupnagar,30.910937330754347,76.53743500967126,51,684627,6600,2034,129123,17248,72313,68794,38823,92.0,73.0
Punjab,Sangrur,30.185045204336895,75.89437014178496,53,1655169,10736,3943,305557,35264,146931,130155,73636,89.0,61.0
Rajasthan,Ajmer,26.199300378787903,74.6990419191919,119,2583052,13499,4339,393498,24509,175460,130608,172683,95.0,59.0
Rajasthan,Alwar,27.55271738035265,76.65359630562563,104,3674179,9750,5732,485723,30207,179435,230415,222622,89.0,59.0
Rajasthan,Banswara,23.453642032967014,74.44246868131869,125,1797485,2324,2734,120603,5287,45930,50438,47094,98.0,46.0
Rajasthan,Baran,24.98023243243244,76.86210651828291,128,1222755,1363,1741,161310,5741,59954,46847,49939,93.0,57.0
Rajasthan,Barmer,25.77070908045978,71.50297126436782,115,2603751,2766,3437,126494,27009,39804,52272,39533,90.0,46.0
Rajasthan,Bharatpur,27.32411858037578,77.21752077244258,105,2548462,4179,3699,288723,10349,99846,147520,132571,88.0,58.0
Rajasthan,Bhilwara,25.45119767759564,74.63947595628417,122,2408523,6207,3694,373644,17508,150972,92785,106667,97.0,52.0
Rajasthan,Bikaner,28.12489068322981,73.26943322981371,101,2363937,7607,3411,220793,17113,68379,80296,101714,91.0,54.0
Rajasthan,Bundi,25.48580716049379,75.79984074074079,121,1110906,1392,1723,136969,5787,58255,41227,41052,92.0,53.0
Rajasthan,Chittaurgarh,24.631623761665463,74.80010997846382,126,1544338,4941,3238,268172,11261,103489,58129,67155,97.0,53.0
Rajasthan,Churu,28.29330375536484,74.65846427038629,102,2039547,2577,3361,231696,9938,27698,100677,77282,94.0,56.0
Rajasthan,Dausa,26.91234817629181,76.57342097264443,109,1634409,1719,2286,195277,6664,62106,92559,90833,91.0,57.0
Rajasthan,Dhaulpur,26.72397054945053,77.74476219780222,106,1206516,1330,1641,96086,3614,31120,45590,37856,85.0,57.0
Rajasthan,Dungarpur,23.75104807692308,73.84765641025645,124,1388552,1477,2030,141275,4385,34909,42887,39312,99.0,49.0
Rajasthan,Ganganagar,29.256785412667963,73.56192303262948,99,1969168,6295,3332,283142,21515,85320,105734,104071,89.0,61.0
Rajasthan,Hanumangarh,29.1813351791531,74.74632573289902,100,1774692,3360,2709,243163,16537,56973,104087,84185,91.0,58.0
Rajasthan,Jaipur,27.033459290187885,75.77117286012533,110,6626178,76565,12219,990085,142866,523398,455527,703673,91.0,65.0
Rajasthan,Jaisalmer,26.86900838548185,71.18371877346682,114,669919,754,986,43141,5218,11355,12759,10604,85.0,46.0
Rajasthan,Jalor,25.07578093797277,72.18647261724662,116,1828730,1585,2470,161845,12367,34799,32366,25210,95.0,45.0
Rajasthan,Jhalawar,24.24725541474657,76.11242891705065,129,1411129,1750,1962,220428,5385,56052,46267,47985,95.0,52.0
Rajasthan,Jhunjhunun,28.13517401247401,75.52840893970894,103,2137045,4828,3300,297559,15861,59920,192240,158936,95.0,64.0
Rajasthan,Jodhpur,26.678460838536967,73.00450847457628,113,3687165,19335,5708,408808,40768,197296,154789,177199,92.0,55.0
Rajasthan,Karauli,26.51901555555556,76.96081818181815,107,1458248,1059,1987,132079,3820,35486,69443,67639,86.0,55.0
Rajasthan,Kota,25.175718080000014,76.18618928000001,127,1951014,12843,3394,339899,24848,147206,118710,167778,91.0,67.0
Rajasthan,Nagaur,27.07862016048146,74.14215667001012,112,3307743,4449,4863,347344,26150,94315,147701,117444,95.0,53.0
Rajasthan,Pali,25.80490393541874,73.55285640766907,118,2037573,4043,3317,326793,14175,109098,71472,67021,99.0,53.0
Rajasthan,Rajsamand,25.24894767441859,73.96570215946844,123,1156597,1989,1821,193276,7060,62714,41063,34286,99.0,54.0
Rajasthan,Sawai Madhopur,26.251081180223288,76.4219283891548,108,1335551,1887,1900,140947,4398,41953,57625,70870,90.0,56.0
Rajasthan,Sikar,27.64644058641976,75.29317422839503,111,2677333,5647,4033,339457,22494,77340,200430,181282,95.0,62.0
Rajasthan,Sirohi,24.7976905263158,72.75309131578943,117,1036346,2146,1621,134089,6343,38817,30724,27076,94.0,46.0
Rajasthan,Tonk,26.153935071707927,75.79192216427637,120,1421326,1908,2145,158264,6295,68174,64431,67155,95.0,53.0
Rajasthan,Udaipur,24.44076752136749,73.84029839743584,130,3068420,14211,5101,357846,27979,157259,102085,142672,96.0,52.0
Sikkim,East,27.29600352941175,88.74908392156858,93,1709346,80037,7151,352758,87499,162670,235187,246988,88.0,79.0
Tamil Nadu,Ariyalur,11.190514836795256,79.22249643916912,616,754894,1749,1258,177502,2937,40913,53934,57524,101.0,64.0
Tamil Nadu,Chennai,13.058098905608748,80.28139151846806,603,4646732,217368,15742,1096334,146388,515581,464207,905515,99.0,81.0
Tamil Nadu,Coimbatore,10.871376995940452,77.07619012178621,632,3458045,63273,13938,896325,87211,445588,273098,440520,100.0,76.0
Tamil Nadu,Cuddalore,11.57587300613498,79.63002365371497,617,2605914,15396,5300,598412,19828,178515,186394,227530,99.0,70.0
Tamil Nadu,Dharmapuri,12.300141200000006,78.11509813333339,630,1506843,3651,2364,337972,5843,107968,103367,112592,95.0,61.0
Tamil Nadu,Dindigul,10.377801390820574,77.78011279554937,612,2159775,9155,4682,500057,15538,147737,153100,163050,100.0,69.0
Tamil Nadu,Erode,11.267012155963302,77.42034334862392,610,2251744,18604,7719,595211,33405,288543,155344,215514,99.0,66.0
Tamil Nadu,Kancheepuram,12.496424756511884,80.08820360135913,604,3998252,100322,8349,961161,68427,418526,312208,526886,99.0,75.0
Tamil Nadu,Kanniyakumari,8.183466300191206,77.32053064053538,629,1870374,15673,4377,465692,21577,115092,226312,254107,102.0,83.0
Tamil Nadu,Karur,10.79532776617955,78.08749686847604,613,1064493,4915,2151,264949,10648,117119,77874,85595,102.0,68.0
Tamil Nadu,Madurai,9.904313833333331,78.01366033333332,623,3038252,34097,6917,754141,30852,228557,250285,363152,99.0,75.0
Tamil Nadu,Nagapattinam,10.789468161718286,79.79437299431483,618,1616450,5585,3026,381940,9042,86939,122350,125639,103.0,75.0
Tamil Nadu,Namakkal,11.33766638477801,78.14624841437633,609,1726601,8960,3824,441044,18550,212434,126468,169206,99.0,68.0
Tamil Nadu,Perambalur,11.260137758112096,78.86034011799416,615,565223,1507,979,135751,2259,32178,41447,44025,100.0,66.0
Tamil Nadu,Pudukkottai,10.130514816433578,79.05444484265728,621,1618345,4494,2812,354493,7882,110324,121706,111731,101.0,69.0
Tamil Nadu,Ramanathapuram,9.31286995153476,78.99185362412462,626,1353445,5172,2340,291400,5524,49605,105978,97405,98.0,72.0
Tamil Nadu,Salem,11.629324202127655,78.2478257978723,608,3482056,20660,8169,835377,30660,352121,242306,296399,95.0,66.0
Tamil Nadu,Sivaganga,9.960306580645158,78.56535729032255,622,1339101,5773,2456,314270,8222,91250,103903,115894,100.0,72.0
Tamil Nadu,Thanjavur,10.387692255892237,79.3194869107745,620,2405890,13495,4914,555582,17231,161750,178126,222410,103.0,74.0
Tamil Nadu,Theni,9.924066666666668,77.43458833333332,624,1245899,4667,2642,312310,6607,58034,95231,101147,99.0,70.0
Tamil Nadu,Thiruvallur,13.275858101752885,80.19724702864492,602,3728104,75634,7731,909400,54505,363741,303091,451321,99.0,75.0
Tamil Nadu,Thiruvarur,10.368927409395978,79.60322893959727,619,1264277,4416,2272,303114,6790,72916,103908,99082,102.0,75.0
Tamil Nadu,Tiruvannamalai,12.419318947368414,79.23265631578953,606,2464875,6445,4189,549077,7851,138956,174560,158041,99.0,66.0
Tamil Nadu,Vellore,12.784882632293078,79.02643283582084,605,3936331,20623,8092,865913,20393,286002,311434,308514,101.0,70.0
Tamil Nadu,Virudhunagar,9.468872195892564,77.87641469194315,625,1942288,10219,4300,505950,9845,119486,138306,167506,101.0,72.0
Tripura,Dhalai,23.781360477941163,91.94654283088232,291,378230,273,455,46875,907,3006,9157,6425,94.0,73.0
Tripura,North Tripura,24.121739755351683,92.17842538226292,292,693947,997,848,81601,2726,9201,22720,18419,97.0,75.0
Tripura,South Tripura,23.211874098057383,91.6065807585568,290,876001,948,1118,133744,3454,12757,31690,26870,96.0,74.0
Tripura,West Tripura,23.780166241299337,91.41310788863107,289,1725739,6394,2817,314567,11356,44499,88122,85405,96.0,79.0
Uttar Pradesh,Agra,26.99512974910393,78.05278291517321,146,4418797,27183,5982,536402,44989,243761,317618,199395,87.0,61.0
Uttar Pradesh,Aligarh,27.93748576850093,78.00146831119557,143,3673889,13634,4290,268120,21667,151973,216997,172585,88.0,57.0
Uttar Pradesh,Allahabad,25.392038662316445,82.05172446982063,175,5954391,24122,7224,391542,41965,243219,502826,428871,90.0,62.0
Uttar Pradesh,Ambedkar Nagar,26.39119025974028,82.68282142857147,178,2397888,2509,2797,99581,9813,60203,172872,194387,98.0,62.0
Uttar Pradesh,Auraiya,26.66892394014961,79.42637057356607,162,1379545,2404,1510,65479,5088,35729,101542,79012,86.0,67.0
Uttar Pradesh,Azamgarh,26.008290954773837,83.01220251256285,191,4613913,6652,5419,183381,20757,116175,312571,158303,102.0,60.0
Uttar Pradesh,Baghpat,29.045793499999988,77.30266300000001,139,1303048,2989,1514,119121,13301,42998,79475,44164,86.0,61.0
Uttar Pradesh,Bahraich,27.691776300578027,81.46779783237004,180,3487731,2681,3060,85814,13451,51784,65106,47690,89.0,40.0
Uttar Pradesh,Ballia,25.86075638297873,84.03651978723408,193,3239774,4672,3634,119972,10846,65467,323582,200434,94.0,61.0
Uttar Pradesh,Balrampur,27.449076537911324,82.47158326180256,182,2148665,1551,2174,57400,6167,37816,40633,37109,93.0,40.0
Uttar Pradesh,Banda,25.351885902503284,80.52487391304344,170,1799410,1655,1949,73522,5202,32236,61702,63112,86.0,56.0
Uttar Pradesh,Bara Banki,26.922777025232424,81.35762350597606,176,3260699,3159,3230,108116,11935,91664,132332,113799,91.0,52.0
Uttar Pradesh,Bareilly,28.51101940789474,79.43187072368416,150,4448359,15164,5126,272830,24436,159838,172554,146446,89.0,49.0
Uttar Pradesh,Basti,26.833880454545447,82.69790590909092,185,2464464,3423,2775,108101,11477,66316,162961,143642,96.0,57.0
Uttar Pradesh,Bijnor,29.313974259681096,78.45098815489754,134,3682713,7303,4310,268353,17143,131278,159528,148185,92.0,58.0
Uttar Pradesh,Bulandshahr,28.34875862068968,78.01082758620684,142,3499171,7865,4534,223922,20979,136765,217882,151182,90.0,58.0
Uttar Pradesh,Chandauli,25.1180859611231,83.25307062634984,196,1952756,3492,2183,99602,7313,49064,135962,88299,92.0,60.0
Uttar Pradesh,Chitrakoot,25.159924623803,81.07666087551297,171,991730,827,1019,41046,2805,17911,40266,35826,88.0,54.0
Uttar Pradesh,Deoria,26.42218856548857,83.8244070686071,190,3100946,4469,3643,150001,13388,84941,277548,194341,102.0,60.0
Uttar Pradesh,Etah,27.591155309734443,78.70021858407083,201,1774480,2635,3461,69591,6644,54798,119665,88607,87.0,59.0
Uttar Pradesh,Etawah,26.78817670157068,79.07621806282728,161,1581810,2964,1825,113098,7736,47713,121283,118571,87.0,67.0
Uttar Pradesh,Faizabad,26.60589185185181,82.00783530864202,177,2470996,4746,2985,127754,15426,74081,176303,179996,96.0,59.0
Uttar Pradesh,Farrukhabad,27.45063297872342,79.4406284574468,159,1885204,2624,2058,88081,6765,49592,115069,110391,87.0,58.0
Uttar Pradesh,Fatehpur,25.8374362030905,80.85416203090509,172,2632733,3385,2868,75263,16758,59754,134445,116445,90.0,57.0
Uttar Pradesh,Firozabad,27.20963993055552,78.42660624999998,147,2498156,5834,2940,196080,10940,85413,166249,108627,88.0,61.0
Uttar Pradesh,Gautam Buddha Nagar,28.393311038961038,77.52462467532465,141,1648115,53181,2578,257586,78631,124939,194796,101645,85.0,68.0
Uttar Pradesh,Ghaziabad,28.74997308584685,77.67441879350343,140,4681645,78116,5946,695130,119441,292502,475439,255949,88.0,67.0
Uttar Pradesh,Ghazipur,25.624724775583484,83.5360854578097,195,3620268,5309,4079,105767,21169,78218,334003,186306,95.0,61.0
Uttar Pradesh,Gonda,27.157215552099505,82.0226888024882,183,3433919,4313,3614,104084,13053,75067,144067,118176,92.0,49.0
Uttar Pradesh,Gorakhpur,26.63315886792452,83.3549560377358,188,4440895,14597,5455,296619,30258,157765,316166,273903,95.0,61.0
Uttar Pradesh,Hardoi,27.337409090909137,80.26411767676768,155,4092845,3845,4209,95508,12396,82094,138583,103523,87.0,54.0
Uttar Pradesh,Jalaun,26.067954587155988,79.36686911314993,165,1689974,2217,1906,104176,7009,58169,104699,106888,87.0,64.0
Uttar Pradesh,Jaunpur,25.70141280913127,82.54315351934063,194,4494204,8002,5261,181467,22876,128471,353996,256398,102.0,61.0
Uttar Pradesh,Jhansi,25.45581535234902,78.89954580536917,166,1998603,8517,2651,183340,18860,94539,99814,92586,89.0,65.0
Uttar Pradesh,Jyotiba Phule Nagar,28.870498984771597,78.39009365482241,137,1840221,2825,2074,89329,7361,63056,164763,69522,91.0,53.0
Uttar Pradesh,Kannauj,26.993988617886185,79.64437940379408,160,1656616,2488,1730,61491,6011,37935,107628,95072,88.0,61.0
Uttar Pradesh,Kanpur Dehat,26.43047641196011,79.98710083056478,163,1796184,2682,2056,49753,12752,40159,157167,97740,86.0,65.0
Uttar Pradesh,Kaushambi,25.53587532051282,81.41811282051287,174,1599596,1503,1645,43753,4403,35502,89011,45341,91.0,51.0
Uttar Pradesh,Kushinagar,26.892530675909864,83.92261542461007,189,3564544,3486,3704,127331,12849,70192,170911,119625,96.0,55.0
Uttar Pradesh,Lalitpur,24.58877161016945,78.60082330508473,167,1221592,1079,1287,77082,5511,36718,32237,34658,91.0,52.0
Uttar Pradesh,Lucknow,26.838233589251463,80.89706026871404,157,4589838,68506,7486,582769,90205,337254,378742,639260,92.0,68.0
Uttar Pradesh,Mahoba,25.34529670138888,79.67863003472216,169,875958,1316,904,42936,5755,21276,33810,37165,88.0,56.0
Uttar Pradesh,Mainpuri,27.17386862302482,79.03501851015807,148,1868529,2642,1998,79022,7361,53444,144516,111696,88.0,64.0
Uttar Pradesh,Mathura,27.59390432801821,77.62153416856502,145,2547184,8726,3025,281239,16580,124260,155937,103102,86.0,59.0
Uttar Pradesh,Mau,26.01082203791469,83.50582654028433,192,2205968,2656,2693,149908,7411,47576,209493,150462,98.0,62.0
Uttar Pradesh,Meerut,29.02957625698323,77.80611005586593,138,3443689,23717,4953,425624,42392,186553,254337,275076,89.0,62.0
Uttar Pradesh,Mirzapur,25.10207959183675,82.60126628571429,199,2496970,4447,2875,145997,10205,63155,177109,140668,90.0,57.0
Uttar Pradesh,Moradabad,28.851770406189537,78.73580193423597,135,4772006,11690,5452,281758,19316,148802,186311,186489,91.0,47.0
Uttar Pradesh,Muzaffarnagar,29.470507977736563,77.64017847866423,133,4143512,10077,4871,368153,32866,145278,148770,98691,89.0,58.0
Uttar Pradesh,Pilibhit,28.52024175035868,79.90103974175037,151,2031007,2870,2125,83006,7560,55738,77602,66129,89.0,52.0
Uttar Pradesh,Pratapgarh,25.864842731707316,81.93530048780492,131,867848,716,2829,71612,2803,31782,21854,19109,98.0,46.0
Uttar Pradesh,Pratapgarh,25.864842731707316,81.93530048780492,173,3209141,5149,3639,140538,15781,104506,238011,197846,100.0,60.0
Uttar Pradesh,Rae Bareli,26.253902840059787,81.22260463378181,158,3405559,5184,3812,247856,13483,94437,182823,153041,94.0,58.0
Uttar Pradesh,Rampur,28.83244727272725,79.10977333333337,136,2335819,3847,2545,131112,14386,73261,51703,43839,91.0,45.0
Uttar Pradesh,Saharanpur,30.03381165217392,77.59905147826095,132,3466382,9699,4029,404499,21310,151620,163463,154153,89.0,60.0
Uttar Pradesh,Sant Kabir Nagar,26.791596516393444,83.0387764344262,186,1715183,2031,1850,79525,6778,37986,86528,63506,97.0,56.0
Uttar Pradesh,Shahjahanpur,27.991389350649328,79.8302275324675,152,3006538,3889,3441,115163,9927,73581,96308,87355,87.0,50.0
Uttar Pradesh,Sitapur,27.501995963091108,80.85288881199547,154,4483992,3874,4535,102040,11679,88916,136383,127750,89.0,51.0
Uttar Pradesh,Sonbhadra,24.46693268858798,83.06816324951639,200,1862559,5149,2337,95582,10279,50700,82614,63846,92.0,53.0
Uttar Pradesh,Sultanpur,26.2846386419753,82.05710456790123,179,3797117,5956,4190,233701,18382,104307,188848,176414,98.0,59.0
Uttar Pradesh,Unnao,26.63163990895297,80.636773292868,156,3108367,3476,3620,99466,10191,79130,136688,101934,91.0,57.0
Uttar Pradesh,Varanasi,25.36057088888889,82.82529666666672,197,3676841,19214,5059,336056,24216,157861,351391,281652,91.0,65.0
Uttaranchal,Almora,29.683532133676103,79.50165064267351,64,622506,1830,742,109876,3396,6719,53026,37742,114.0,70.0
Uttaranchal,Bageshwar,29.98703393393397,79.83954354354357,63,259898,435,281,47083,1149,2005,20785,10900,109.0,69.0
Uttaranchal,Chamoli,30.58338611464965,79.56281095541402,57,391605,899,467,71524,2516,2311,32557,27168,102.0,72.0
Uttaranchal,Champawat,29.29142393939393,80.07720212121217,65,259648,548,309,37725,1387,5151,18360,15110,98.0,68.0
Uttaranchal,Pithoragarh,30.14720631868129,80.34229230769236,62,483439,1344,631,95421,3008,6136,42086,28375,102.0,71.0
Uttaranchal,Tehri Garhwal,30.463700918635173,78.48783792650917,59,618931,1366,743,117239,4324,9697,58434,30704,108.0,66.0
Uttaranchal,Udham Singh Nagar,29.02779577677222,79.45629004524895,67,1648902,7883,1805,254802,16841,88369,113661,111062,92.0,63.0
Uttaranchal,Uttarkashi,30.968958552036234,78.56880615384617,56,330086,602,356,52621,1637,4046,24989,18882,96.0,65.0
West Bengal,Bankura,23.081280892857155,87.12640053571437,339,3596674,4273,3959,334670,7898,72350,143882,133465,96.0,62.0
West Bengal,Barddhaman,23.444453888888884,87.8150581111111,335,7717563,32323,13547,1049943,46714,263368,405935,439823,95.0,68.0
West Bengal,Birbhum,24.06389342723,87.65153089201888,334,3502404,5210,3911,333752,7305,54557,122865,115743,96.0,62.0
West Bengal,Dakshin Dinajpur,25.342094363021435,88.69821679819614,331,1676276,2518,2039,168069,6211,20163,63286,52345,96.0,65.0
West Bengal,Darjiling,26.839619571045585,88.33145067024122,327,1846823,10943,3146,297176,15192,39828,113905,110193,97.0,71.0
West Bengal,Haora,22.401674174428507,87.99421176968654,341,4850029,30751,9414,796953,22295,122818,284481,304594,94.0,74.0
West Bengal,Hugli,22.87929264705881,88.00010264705891,338,5519145,31725,9450,965258,24013,167753,333658,380060,96.0,74.0
West Bengal,Jalpaiguri,26.62642031250004,89.04154375000003,328,3872846,9322,5160,382500,16431,67075,150360,129393,95.0,65.0
West Bengal,Kolkata,22.550581481481483,88.3527648148148,342,4496694,136618,16375,927602,85605,117173,425245,691804,91.0,80.0
West Bengal,Maldah,25.08026802575105,88.17191684549356,332,3988845,5357,4191,297716,9639,41600,109719,92207,94.0,52.0
West Bengal,Murshidabad,24.25950655391121,88.16816860465121,333,7103807,7951,8088,541169,14050,74313,230242,170051,96.0,57.0
West Bengal,Nadia,23.56410971055088,88.58293034547152,336,5167600,12787,7048,623729,18658,76698,236828,209562,95.0,67.0
West Bengal,Puruliya,23.254192328767108,86.3968532876713,340,2930115,3551,3309,189889,6602,49630,91807,77621,96.0,55.0
West Bengal,Uttar Dinajpur,26.044619165196977,88.23595232216337,330,3007134,2883,3214,199307,8150,31859,73395,59457,94.0,50.0
